id;address;email;password;name
1;USB;Theron.Smith@hotmail.com;Oregon calculating District;Nevada virtual Azerbaijan
2;Berkshire Multi-lateral;Christy_Rosenbaum25@gmail.com;Unbranded Buckinghamshire;generate Awesome
3;orchestrate Islands;Daphney_Gutkowski@gmail.com;Borders;Tools
4;vortals;Jarrett_McKenzie@hotmail.com;Interactions violet;Vatu cross-platform calculate
5;Pound Handmade;Anthony74@hotmail.com;Steel protocol JSON;connecting
6;India;Gaston46@hotmail.com;facilitate;copying streamline multi-byte
7;aggregate withdrawal invoice;Benjamin57@hotmail.com;Optimization;Unbranded Neck Expanded
8;payment;Robb87@hotmail.com;Account ADP;orchestrate
9;Frozen;Peter_Johnson@hotmail.com;systemic Rubber;Arkansas Director
10;bricks-and-clicks index;Princess_Willms@hotmail.com;orchid;Armenia
